,Accuracy,Precision,Recall,F1 Score
Training,0.99375,0.9938537968056042,0.9937697730035665,0.9936688753263248
Testing,0.990909090909091,0.9918686868686869,0.9912627418348241,0.9913369474159747
