Feature,Importance
humidity,0.16718618261278692
rainfall,0.15178519884152272
Moisture_Index,0.13460778344722804
K,0.1181062399397655
NPK_Sum,0.09511379318731274
P,0.08651902104645359
N,0.06667349396034945
N_to_K,0.05847391294082599
P_to_K,0.05726599316586732
temperature,0.04154080098915005
ph,0.022727579868737698
