,Accuracy,Precision,Recall,F1 Score
Training,0.9971590909090909,0.9972283813747228,0.9971941638608306,0.9971230147891608
Testing,0.990909090909091,0.9904112554112554,0.9913450870258651,0.9905186570472213
