N,P,K,temperature,humidity,ph,rainfall,Predicted_Crop,Prediction_Probability
90,42,52,27.33,86.59,6.5,239.2,rice,0.5478506310979983
1,62,28,31.86,90.5,5.0,45.05,mungbean,0.48419824016563145
5,20,50,25.5,84.2,8.0,100.6,pomegranate,0.5601750156149453
40,40,40,25.0,80.0,7.0,150.0,papaya,0.39143812619410767
