,Accuracy,Precision,Recall,F1 Score
Training,0.9988636363636364,0.9988560821894155,0.9988407466477642,0.998841068649638
Testing,0.9840909090909091,0.9864277389277389,0.9845527851248677,0.9850752905761868
