Feature,Importance
humidity,0.25276666175855084
rainfall,0.17989522602426644
Moisture_Index,0.10643119716261946
K,0.10550677351946686
NPK_Sum,0.10155568619646724
N_to_K,0.07031883989885516
P,0.06680847569951615
P_to_K,0.06626714191780778
N,0.04745766240386074
temperature,0.0024058803465956576
ph,0.0005864550719938683
